handler,modName,itemName,nbtInfo,modId,modRequired,excludedModId,yShift,handlerHeight,handlerWidth,maxRecipesPerPage,imageResource,imageX,imageY,imageWidth,imageHeight,itemNotes
codechicken.nei.recipe.BrewingRecipeHandler,Minecraft,minecraft:brewing_stand,,minecraft,FALSE,,,65,166,5,,,,,,
codechicken.nei.recipe.FireworkRecipeHandler,Minecraft,minecraft:fireworks,,minecraft,FALSE,,,65,166,5,,,,,,
codechicken.nei.recipe.FurnaceRecipeHandler,Minecraft,minecraft:furnace,,minecraft,FALSE,,,65,166,5,,,,,,
codechicken.nei.recipe.ShapedRecipeHandler,Minecraft,minecraft:crafting_table,,minecraft,FALSE,,,65,166,5,,,,,,
codechicken.nei.recipe.ShapelessRecipeHandler,Minecraft,minecraft:crafting_table,,minecraft,FALSE,,,65,166,5,,,,,,
codechicken.nei.recipe.FuelRecipeHandler,Minecraft,,,minecraft,FALSE,,,65,166,5,nei:textures/nei_tabbed_sprites.png,80,0,14,14,
advsolar.client.nei.MTRecipeHandler,Advanced Solar Panels,AdvancedSolarPanel:BlockMolecularTransformer,,AdvancedSolarPanel,TRUE,,,68,,5,,,,,,
appeng.integration.modules.NEIHelpers.NEIAEShapedRecipeHandler,Applied Energistics 2,appliedenergistics2:item.ItemMultiPart:380,,appliedenergistics2,TRUE,,,65,,5,,,,,,
appeng.integration.modules.NEIHelpers.NEIAEShapelessRecipeHandler,Applied Energistics 2,appliedenergistics2:item.ItemMultiPart:380,,appliedenergistics2,TRUE,,,65,,5,,,,,,
appeng.integration.modules.NEIHelpers.NEIFacadeRecipeHandler,Applied Energistics 2,appliedenergistics2:item.ItemFacade:192,,appliedenergistics2,TRUE,,,65,,5,,,,,,
appeng.integration.modules.NEIHelpers.NEIGrinderRecipeHandler,Applied Energistics 2,appliedenergistics2:tile.BlockGrinder,,appliedenergistics2,TRUE,,,,,,,,,,,
appeng.integration.modules.NEIHelpers.NEIInscriberRecipeHandler,Applied Energistics 2,appliedenergistics2:tile.BlockInscriber,,appliedenergistics2,TRUE,,,70,,5,,,,,,
appeng.integration.modules.NEIHelpers.NEIWorldCraftingHandler,Applied Energistics 2,appliedenergistics2:item.ItemMultiMaterial:9,,appliedenergistics2,TRUE,,,85,,5,,,,,,There's only some explanatory text for fluix crystals and QEDs
aroma1997.core.recipes.nei.ShapedAromicRecipeHandler,AromaBackup,minecraft:crafting_table,,AromaBackup,TRUE,,,65,,5,,,,,,
aroma1997.core.recipes.nei.ShapelessAromicRecipeHandler,AromaBackup,minecraft:crafting_table,,AromaBackup,TRUE,,,,,,,,,,,
fox.spiteful.avaritia.compat.nei.CompressionHandler,Avaritia,Avaritia:Neutronium_Compressor,,Avaritia,TRUE,,,50,,6,,,,,,
fox.spiteful.avaritia.compat.nei.ExtremeShapedRecipeHandler,Avaritia,Avaritia:Dire_Crafting,,Avaritia,TRUE,,,208,256,1,,,,,,Part of it even goes off the left side (included)
fox.spiteful.avaritia.compat.nei.ExtremeShapelessRecipeHandler,Avaritia,Avaritia:Dire_Crafting,,Avaritia,TRUE,,,208,256,1,,,,,,"If you can cut off/place over the jaggedness at the bottom, you could barely get a second on"
WayofTime.alchemicalWizardry.client.nei.NEIAlchemyRecipeHandler,Blood Magic,AWWayofTime:blockWritingTable,,AWWayofTime,TRUE,,,68,,5,,,,,,
WayofTime.alchemicalWizardry.client.nei.NEIAltarRecipeHandler,Blood Magic,AWWayofTime:Altar,,AWWayofTime,TRUE,,,65,,5,,,,,,Handler name needs shifting left
WayofTime.alchemicalWizardry.client.nei.NEIBindingRitualHandler,Blood Magic,AWWayofTime:sacrificialKnife,,AWWayofTime,TRUE,,,50,,6,,,,,,
WayofTime.alchemicalWizardry.client.nei.NEIBloodOrbShapedHandler,Blood Magic,AWWayofTime:AlchemicalWizardrybloodRune:3,,AWWayofTime,TRUE,,,65,,5,,,,,,
WayofTime.alchemicalWizardry.client.nei.NEIBloodOrbShapelessHandler,Blood Magic,AWWayofTime:AlchemicalWizardrybloodRune:4,,AWWayofTime,TRUE,,,65,,5,,,,,,
bw.fuels.acidgens,BartWorks,gregtech:gt.blockmachines:12726,,bartworks,TRUE,,6,145,,2,,,,,,
bw.recipe.cal,BartWorks,gregtech:gt.blockmachines:12735,,bartworks,TRUE,,6,135,,2,,,,,,
gg.recipe.naquadah_reactor,Good Generator,gregtech:gt.blockmachines:12732,,GoodGenerator,TRUE,,6,145,,1,,,,,,
gg.recipe.naquadah_fuel_refine_factory,Good Generator,gregtech:gt.blockmachines:16999,,GoodGenerator,TRUE,,6,145,,1,,,,,,
com.github.bartimaeusnek.bartworks.neiHandler.BW_NEI_BioLabHandler,BartWorks,gregtech:gt.blockmachines:12699,,bartworks,TRUE,,6,145,,2,,,,,,
com.github.bartimaeusnek.bartworks.neiHandler.BW_NEI_BioVatHandler,BartWorks,gregtech:gt.blockmachines:12712,,bartworks,TRUE,,6,140,,2,,,,,,
com.github.bartimaeusnek.bartworks.neiHandler.BW_NEI_OreHandler,BartWorks,bartworks:bw.blockores.01:89,,bartworks,TRUE,,,135,,2,,,,,,
gt.recipe.electricimplosioncompressor,BartWorks,gregtech:gt.blockmachines:12734,,bartworks,TRUE,,6,135,,2,,,,,,
net.bdew.neiaddons.botany.flowers.FlowerBreedingHandler,Botany,Botany:flower,,Botany,TRUE,,,65,,5,,,,,,
buildcraft.compat.nei.RecipeHandlerRefinery,BuildCraft,BuildCraft|Factory:refineryBlock,,BuildCraft|Factory,TRUE,,,60,,5,,,,,,There's only 2 recipes though
buildcraft.compat.nei.RecipeHandlerAssemblyTable,BuildCraft,BuildCraft|Silicon:laserTableBlock,,BuildCraft|Silicon,TRUE,,,100,,3,,,,,,
buildcraft.compat.nei.RecipeHandlerIntegrationTable,BuildCraft,BuildCraft|Silicon:laserTableBlock:2,,BuildCraft|Silicon,TRUE,,,85,,4,,,,,,
team.chisel.compat.nei.RecipeHandlerChisel,Chisel,chisel:chisel,,chisel,TRUE,,,135,,2,,,,,,
crazypants.enderio.nei.AlloySmelterRecipeHandler,Ender IO,EnderIO:blockAlloySmelter,,EnderIO,TRUE,,,65,,5,,,,,,
crazypants.enderio.nei.EnchanterRecipeHandler,Ender IO,EnderIO:blockEnchanter,,EnderIO,TRUE,,,65,,5,,,,,,
crazypants.enderio.nei.SagMillRecipeHandler,Ender IO,EnderIO:blockSagMill,,EnderIO,TRUE,,,68,,5,,,,,,
crazypants.enderio.nei.SliceAndSpliceRecipeHandler,Ender IO,EnderIO:blockSliceAndSplice,,EnderIO,TRUE,,,65,,5,,,,,,
crazypants.enderio.nei.SoulBinderRecipeHandler,Ender IO,EnderIO:blockSoulBinder,,EnderIO,TRUE,,,68,,5,,,,,,
crazypants.enderio.nei.VatRecipeHandler,Ender IO,EnderIO:blockVat,,EnderIO,TRUE,,,65,,5,,,,,,
extracells.integration.nei.UniversalTerminalRecipe,Extra Cells 2,extracells:part.base:9,,extracells,TRUE,,,65,,5,,,,,,
com.rwtema.extrautils.nei.EnderConstructorHandler,Extra Utilities,ExtraUtilities:endConstructor,,ExtraUtilities,TRUE,,,68,,5,,,,,,
com.rwtema.extrautils.nei.FMPMicroBlocksHandler,Extra Utilities,ForgeMicroblock:sawIron,,ExtraUtilities,TRUE,,,65,,5,,,,,,
com.rwtema.extrautils.nei.InfoHandler,Extra Utilities,ExtraUtilities:chandelier,,ExtraUtilities,TRUE,,,135,,2,,,,,,"Info on blocks, can vary wildly. EQ was this length, there might be a longer one"
com.rwtema.extrautils.nei.MicroBlocksHandler,Extra Utilities,ExtraUtilities:microblocks:1,,ExtraUtilities,TRUE,,,,,,,,,,,
com.rwtema.extrautils.nei.SoulHandler,Extra Utilities,ExtraUtilities:mini-soul,,ExtraUtilities,TRUE,,,,,,,,,,,
hellfirepvp.beebetteratbees.client.gui.BBABGuiRecipeTreeHandler,Bees,Forestry:beeQueenGE,,Forestry,TRUE,,,140,,2,,,,,,
forestry.factory.recipes.nei.NEIHandlerBottler,Forestry for Minecraft,Forestry:factory,,Forestry,TRUE,,,84,,5,,,,,,
forestry.factory.recipes.nei.NEIHandlerCarpenter,Forestry for Minecraft,Forestry:factory:1,,Forestry,TRUE,,,81,,5,,,,,,
forestry.factory.recipes.nei.NEIHandlerCentrifuge,Forestry for Minecraft,Forestry:factory:2,,Forestry,TRUE,,,81,,5,,,,,,
forestry.factory.recipes.nei.NEIHandlerFabricator,Forestry for Minecraft,Forestry:factory2,,Forestry,TRUE,,,,,,,,,,,
forestry.factory.recipes.nei.NEIHandlerFermenter,Forestry for Minecraft,Forestry:factory:3,,Forestry,TRUE,,,81,,5,,,,,,
forestry.factory.recipes.nei.NEIHandlerMoistener,Forestry for Minecraft,Forestry:factory:4,,Forestry,TRUE,,,84,,5,,,,,,
forestry.factory.recipes.nei.NEIHandlerSqueezer,Forestry for Minecraft,Forestry:factory:5,,Forestry,TRUE,,,84,,5,,,,,,
forestry.factory.recipes.nei.NEIHandlerStill,Forestry for Minecraft,Forestry:factory:6,,Forestry,TRUE,,,81,,5,,,,,,
net.bdew.neiaddons.forestry.bees.BeeBreedingHandler,Forestry for Minecraft,Forestry:beeQueenGE,,Forestry,TRUE,,,65,,5,,,,,,
net.bdew.neiaddons.forestry.bees.BeeProduceHandler,Forestry for Minecraft,Forestry:beeQueenGE,,Forestry,TRUE,,,65,,5,,,,,,
net.bdew.neiaddons.forestry.butterflies.ButterflyBreedingHandler,Forestry for Minecraft,Forestry:butterflyGE,,Forestry,TRUE,,,,,,,,,,,
net.bdew.neiaddons.forestry.trees.TreeBreedingHandler,Forestry for Minecraft,Forestry:saplingGE,,Forestry,TRUE,,,65,,5,,,,,,
net.bdew.neiaddons.forestry.trees.TreeProduceHandler,Forestry for Minecraft,Forestry:saplingGE,,Forestry,TRUE,,,65,,5,,,,,,
galaxyspace.core.nei.rocket.RocketT1RecipeHandler,Galacticraft,GalacticraftCore:item.spaceship,,GalacticraftCore,TRUE,,,125,,2,,,,,,
micdoodle8.mods.galacticraft.core.nei.BuggyRecipeHandler,Galacticraft,GalacticraftCore:tile.rocketWorkbench,,GalacticraftCore,TRUE,,10,135,,2,,,,,,
micdoodle8.mods.galacticraft.core.nei.CircuitFabricatorRecipeHandler,Galacticraft,GalacticraftCore:tile.machine2:4,,GalacticraftCore,TRUE,,,,,,,,,,,
micdoodle8.mods.galacticraft.core.nei.ElectricIngotCompressorRecipeHandler,Galacticraft,GalacticraftCore:tile.machine2,,GalacticraftCore,TRUE,,,,,,,,,,,
micdoodle8.mods.galacticraft.core.nei.IngotCompressorRecipeHandler,Galacticraft,GalacticraftCore:tile.machine:12,,GalacticraftCore,TRUE,,,,,,,,,,,
micdoodle8.mods.galacticraft.core.nei.RefineryRecipeHandler,Galacticraft,GalacticraftCore:tile.refinery,,GalacticraftCore,TRUE,,,,,,,,,,,
micdoodle8.mods.galacticraft.planets.asteroids.nei.AstroMinerRecipeHandler,Galacticraft,GalacticraftCore:tile.rocketWorkbench,,GalacticraftCore,TRUE,,,100,,3,,,,,,
micdoodle8.mods.galacticraft.planets.mars.nei.CargoRocketRecipeHandler,Galacticraft,GalacticraftCore:tile.rocketWorkbench,,GalacticraftCore,TRUE,,10,125,,2,,,,,,
micdoodle8.mods.galacticraft.planets.mars.nei.GasLiquefierRecipeHandler,Galacticraft,GalacticraftMars:tile.marsMachineT2,,GalacticraftCore,TRUE,,,,,,,,,,,
micdoodle8.mods.galacticraft.planets.mars.nei.MethaneSynthesizerRecipeHandler,Galacticraft,GalacticraftMars:tile.marsMachineT2:4,,GalacticraftCore,TRUE,,,,,,,,,,,
galaxyspace.core.nei.rocket.RocketT2RecipeHandler,Galacticraft,GalacticraftMars:item.spaceshipTier2:1,,GalacticraftMars,TRUE,,5,145,,2,,,,,,
galaxyspace.core.nei.rocket.RocketT3RecipeHandler,Galacticraft,GalacticraftMars:item.itemTier3Rocket,,GalacticraftMars,TRUE,,5,145,,2,,,,,,
galaxyspace.core.nei.AssemblyMachineRecipeHandler,GalaxySpace,GalaxySpace:assemblymachine,,GalaxySpace,TRUE,,,,,,,,,,,
galaxyspace.core.nei.rocket.RocketT4RecipeHandler,GalaxySpace,GalaxySpace:item.Tier4Rocket,,GalaxySpace,TRUE,,10,160,,2,,,,,,
galaxyspace.core.nei.rocket.RocketT5RecipeHandler,GalaxySpace,GalaxySpace:item.Tier5Rocket,,GalaxySpace,TRUE,,10,160,,2,,,,,,
galaxyspace.core.nei.rocket.RocketT6RecipeHandler,GalaxySpace,GalaxySpace:item.Tier6Rocket,,GalaxySpace,TRUE,,10,160,,2,,,,,,
galaxyspace.core.nei.rocket.RocketT7RecipeHandler,GalaxySpace,GalaxySpace:item.Tier7Rocket,,GalaxySpace,TRUE,,10,180,,1,,,,,,
galaxyspace.core.nei.rocket.RocketT8RecipeHandler,GalaxySpace,GalaxySpace:item.Tier8Rocket,,GalaxySpace,TRUE,,10,180,,1,,,,,,
net.bdew.gendustry.nei.ExtractorHandler,Gendustry,gendustry:Extractor,,gendustry,TRUE,,,68,,5,,,,,,
net.bdew.gendustry.nei.ImprinterHandler,Gendustry,gendustry:Imprinter,,gendustry,TRUE,,,68,,5,,,,,,
net.bdew.gendustry.nei.LiquifierHandler,Gendustry,gendustry:Liquifier,,gendustry,TRUE,,,68,,5,,,,,,
net.bdew.gendustry.nei.MutagenProducerHandler,Gendustry,gendustry:MutagenProducer,,gendustry,TRUE,,,68,,5,,,,,,
net.bdew.gendustry.nei.MutatronHandler,Gendustry,gendustry:Mutatron,,gendustry,TRUE,,,65,,5,,,,,,
net.bdew.gendustry.nei.ReplicatorHandler,Gendustry,gendustry:Replicator,,gendustry,TRUE,,,68,,5,,,,,,
net.bdew.gendustry.nei.SamplerHandler,Gendustry,gendustry:Sampler,,gendustry,TRUE,,,68,,5,,,,,,
net.bdew.gendustry.nei.TemplateCraftingHandler,Gendustry,gendustry:GeneTemplate,,gendustry,TRUE,,,105,,3,,,,,,
net.bdew.gendustry.nei.TransposerHandler,Gendustry,gendustry:Transposer,,gendustry,TRUE,,,68,,5,,,,,,
gt.recipe.alloysmelter,GregTech,gregtech:gt.blockmachines:201,,gregtech,TRUE,gregapi_post,6,135,166,2,,,,,,
gt.recipe.arcfurnace,GregTech,gregtech:gt.blockmachines:651,,gregtech,TRUE,gregapi_post,6,135,166,2,,,,,,
gt.recipe.assembler,GregTech,gregtech:gt.blockmachines:211,,gregtech,TRUE,gregapi_post,6,145,166,2,,,,,,
gt.recipe.autoclave,GregTech,gregtech:gt.blockmachines:571,,gregtech,TRUE,gregapi_post,6,135,166,2,,,,,,
gt.recipe.blastfurnace,GregTech,gregtech:gt.blockmachines:1000,,gregtech,TRUE,gregapi_post,6,135,166,2,,,,,,
gt.recipe.brewer,GregTech,gregtech:gt.blockmachines:491,,gregtech,TRUE,gregapi_post,6,135,166,2,,,,,,
gt.recipe.byproductlist,GregTech,gregtech:gt.metaitem.01:2019,,gregtech,TRUE,gregapi_post,6,135,166,2,,,,,,
gt.recipe.canner,GregTech,gregtech:gt.blockmachines:231,,gregtech,TRUE,gregapi_post,6,135,166,2,,,,,,
gt.recipe.centrifuge,GregTech,gregtech:gt.blockmachines:361,,gregtech,TRUE,gregapi_post,6,135,166,2,,,,,,
gt.recipe.chemicalbath,GregTech,gregtech:gt.blockmachines:541,,gregtech,TRUE,gregapi_post,6,135,166,2,,,,,,
gt.recipe.chemicalreactor,GregTech,gregtech:gt.blockmachines:421,,gregtech,TRUE,gregapi_post,6,135,166,2,,,,,,
gt.recipe.circuitassembler,GregTech,gregtech:gt.blockmachines:1180,,gregtech,TRUE,gregapi_post,6,135,166,2,,,,,,
gt.recipe.cncmachine,GregTech,gregtech:gt.metaitem.01:23305,,gregtech,TRUE,gregapi_post,6,135,166,2,,,,,,
gt.recipe.cokeoven,GregTech,gregtech:gt.blockmachines:791,,gregtech,TRUE,gregapi_post,6,135,166,2,,,,,,
gt.recipe.componentassembler,GregTech,gregtech:gt.blockmachines:211,,gregtech,TRUE,gregapi_post,6,135,166,2,,,,,,
gt.recipe.compressor,GregTech,gregtech:gt.blockmachines:241,,gregtech,TRUE,gregapi_post,6,135,166,2,,,,,,
gt.recipe.craker,GregTech,gregtech:gt.blockmachines:1160,,gregtech,TRUE,gregapi_post,6,135,166,2,,,,,,
gt.recipe.cuttingsaw,GregTech,gregtech:gt.blockmachines:251,,gregtech,TRUE,gregapi_post,6,135,166,2,,,,,,
gt.recipe.dieselgeneratorfuel,GregTech,gregtech:gt.blockmachines:1110,,gregtech,TRUE,gregapi_post,6,135,166,2,,,,,,
gt.recipe.distillationtower,GregTech,gregtech:gt.blockmachines:1126,,gregtech,TRUE,gregapi_post,6,135,166,2,,,,,,
gt.recipe.distillery,GregTech,gregtech:gt.blockmachines:531,,gregtech,TRUE,gregapi_post,6,135,166,2,,,,,,
gt.recipe.electrolyzer,GregTech,gregtech:gt.blockmachines:371,,gregtech,TRUE,gregapi_post,6,135,166,2,,,,,,
gt.recipe.electromagneticseparator,GregTech,gregtech:gt.blockmachines:561,,gregtech,TRUE,gregapi_post,6,135,166,2,,,,,,
gt.recipe.extractor,GregTech,gregtech:gt.blockmachines:271,,gregtech,TRUE,gregapi_post,6,135,166,2,,,,,,
gt.recipe.extrahugenaquadahreactor,GregTech,gregtech:gt.blockmachines:1189,,gregtech,TRUE,gregapi_post,6,135,166,2,,,,,,
gt.recipe.extremedieselgeneratorfuel,GregTech,gregtech:gt.blockmachines:2105,,gregtech,TRUE,gregapi_post,6,135,166,2,,,,,,
gt.recipe.extruder,GregTech,gregtech:gt.blockmachines:281,,gregtech,TRUE,gregapi_post,6,135,166,2,,,,,,
gt.recipe.fakeAssemblylineProcess,GregTech,gregtech:gt.blockmachines:1170,,gregtech,TRUE,gregapi_post,12,135,166,2,,,,,,
gt.recipe.fermenter,GregTech,gregtech:gt.blockmachines:501,,gregtech,TRUE,gregapi_post,6,135,166,2,,,,,,
gt.recipe.fluidcanner,GregTech,gregtech:gt.blockmachines:431,,gregtech,TRUE,gregapi_post,6,135,166,2,,,,,,
gt.recipe.fluidextractor,GregTech,gregtech:gt.blockmachines:511,,gregtech,TRUE,gregapi_post,6,135,166,2,,,,,,
gt.recipe.fluidheater,GregTech,gregtech:gt.blockmachines:621,,gregtech,TRUE,gregapi_post,6,135,166,2,,,,,,
gt.recipe.fluidnaquadahreactor,GregTech,gregtech:gt.blockmachines:1192,,gregtech,TRUE,gregapi_post,6,135,166,2,,,,,,
gt.recipe.fluidsolidifier,GregTech,gregtech:gt.blockmachines:521,,gregtech,TRUE,gregapi_post,6,135,166,2,,,,,,
gt.recipe.fusionreactor,GregTech,gregtech:gt.blockmachines:1193,,gregtech,TRUE,gregapi_post,6,135,166,2,,,,,,
gt.recipe.gasturbinefuel,GregTech,gregtech:gt.blockmachines:1115,,gregtech,TRUE,gregapi_post,6,135,166,2,,,,,,
gt.recipe.hammer,GregTech,gregtech:gt.blockmachines:611,,gregtech,TRUE,gregapi_post,6,135,166,2,,,,,,
gt.recipe.hugenaquadahreactor,GregTech,gregtech:gt.blockmachines:1188,,gregtech,TRUE,gregapi_post,6,135,166,2,,,,,,
gt.recipe.implosioncompressor,GregTech,gregtech:gt.blockmachines:12734,,gregtech,TRUE,gregapi_post,6,135,166,2,,,,,,
gt.recipe.largeboilerfakefuels,GregTech,gregtech:gt.blockmachines:1020,,gregtech,TRUE,gregapi_post,6,135,166,2,,,,,,
gt.recipe.largechemicalreactor,GregTech,gregtech:gt.blockmachines:1169,,gregtech,TRUE,gregapi_post,6,135,166,2,,,,,,
gt.recipe.largenaquadahreactor,GregTech,gregtech:gt.blockmachines:1191,,gregtech,TRUE,gregapi_post,6,135,166,2,,,,,,
gt.recipe.laserengraver,GregTech,gregtech:gt.blockmachines:591,,gregtech,TRUE,gregapi_post,6,135,166,2,,,,,,
gt.recipe.lathe,GregTech,gregtech:gt.blockmachines:291,,gregtech,TRUE,gregapi_post,6,135,166,2,,,,,,
gt.recipe.macerator,GregTech,gregtech:gt.blockmachines:301,,gregtech,TRUE,gregapi_post,6,135,166,2,,,,,,
gt.recipe.magicfuels,GregTech,gregtech:gt.blockmachines:1123,,gregtech,TRUE,gregapi_post,6,135,166,2,,,,,,
gt.recipe.massfab,GregTech,gregtech:gt.blockmachines:461,,gregtech,TRUE,gregapi_post,6,135,166,2,,,,,,
gt.recipe.metalbender,GregTech,gregtech:gt.blockmachines:221,,gregtech,TRUE,gregapi_post,6,135,166,2,,,,,,
gt.recipe.microwave,GregTech,gregtech:gt.blockmachines:311,,gregtech,TRUE,gregapi_post,6,135,166,2,,,,,,
gt.recipe.mixer,GregTech,gregtech:gt.blockmachines:581,,gregtech,TRUE,gregapi_post,6,135,166,2,,,,,,
gt.recipe.orewasher,GregTech,gregtech:gt.blockmachines:391,,gregtech,TRUE,gregapi_post,6,135,166,2,,,,,,
gt.recipe.packager,GregTech,gregtech:gt.blockmachines:401,,gregtech,TRUE,gregapi_post,6,135,166,2,,,,,,
gt.recipe.plasmaarcfurnace,GregTech,gregtech:gt.blockmachines:661,,gregtech,TRUE,gregapi_post,6,135,166,2,,,,,,
gt.recipe.plasmageneratorfuels,GregTech,gregtech:gt.blockmachines:1196,,gregtech,TRUE,gregapi_post,6,135,166,2,,,,,,
gt.recipe.polarizer,GregTech,gregtech:gt.blockmachines:551,,gregtech,TRUE,gregapi_post,6,135,166,2,,,,,,
gt.recipe.press,GregTech,gregtech:gt.blockmachines:601,,gregtech,TRUE,gregapi_post,6,135,166,2,,,,,,
gt.recipe.primitiveblastfurnace,GregTech,gregtech:gt.blockmachines:130,,gregtech,TRUE,gregapi_post,6,135,166,2,,,,,,
gt.recipe.printer,GregTech,gregtech:gt.blockmachines:321,,gregtech,TRUE,gregapi_post,6,135,166,2,,,,,,
gt.recipe.pyro,GregTech,gregtech:gt.blockmachines:1159,,gregtech,TRUE,gregapi_post,6,135,166,2,,,,,,
gt.recipe.replicator,GregTech,gregtech:gt.blockmachines:481,,gregtech,TRUE,gregapi_post,6,135,166,2,,,,,,
gt.recipe.rockbreaker,GregTech,gregtech:gt.blockmachines:441,,gregtech,TRUE,gregapi_post,6,135,166,2,,,,,,
gt.recipe.scanner,GregTech,gregtech:gt.blockmachines:341,,gregtech,TRUE,gregapi_post,6,135,166,2,,,,,,
gt.recipe.semifluidboilerfuels,GregTech,gregtech:gt.blockmachines:1020,,gregtech,TRUE,gregapi_post,6,135,166,2,,,,,,
gt.recipe.sifter,GregTech,gregtech:gt.blockmachines:641,,gregtech,TRUE,gregapi_post,6,135,166,2,,,,,,
gt.recipe.slicer,GregTech,gregtech:gt.blockmachines:631,,gregtech,TRUE,gregapi_post,6,135,166,2,,,,,,
gt.recipe.smallnaquadahreactor,GregTech,gregtech:gt.blockmachines:1190,,gregtech,TRUE,gregapi_post,6,135,166,2,,,,,,
gt.recipe.thermalcentrifuge,GregTech,gregtech:gt.blockmachines:381,,gregtech,TRUE,gregapi_post,6,135,166,2,,,,,,
gt.recipe.thermalgeneratorfuel,GregTech,IC2:blockGenerator:1,,gregtech,TRUE,gregapi_post,6,135,166,2,,,,,,
gt.recipe.unpackager,GregTech,gregtech:gt.blockmachines:411,,gregtech,TRUE,gregapi_post,6,135,166,2,,,,,,
gt.recipe.uuamplifier,GregTech,gregtech:gt.blockmachines:471,,gregtech,TRUE,gregapi_post,6,135,166,2,,,,,,
gt.recipe.vacuumfreezer,GregTech,gregtech:gt.blockmachines:1002,,gregtech,TRUE,gregapi_post,6,135,166,2,,,,,,
gt.recipe.wiremill,GregTech,gregtech:gt.blockmachines:351,,gregtech,TRUE,gregapi_post,6,135,166,2,,,,,,
ic.recipe.recycler,GregTech,gregtech:gt.blockmachines:331,,gregtech,TRUE,gregapi_post,6,135,166,2,,,,,,
pers.gwyog.gtneioreplugin.plugin.gregtech5.PluginGT5SmallOreStat,GregTech,gregtech:gt.blockores:85,,gregtech,TRUE,,,145,,2,,,,,,
pers.gwyog.gtneioreplugin.plugin.gregtech5.PluginGT5VeinStat,GregTech,gregtech:gt.blockores:386,,gregtech,TRUE,,,135,,2,,,,,,
ic2.neiIntegration.core.recipehandler.AdvRecipeHandler,IndustrialCraft 2,IC2:blockreactorvessel,,IC2,TRUE,,,65,,5,,,,,,
ic2.neiIntegration.core.recipehandler.AdvShapelessRecipeHandler,IndustrialCraft 2,IC2:blockreactorvessel,,IC2,TRUE,,,65,,5,,,,,,
ic2.neiIntegration.core.recipehandler.BlastFurnaceRecipeHandler,IndustrialCraft 2,IC2:blockMachine3:1,,IC2,TRUE,,,65,,5,,,,,,
ic2.neiIntegration.core.recipehandler.BlockCutterRecipeHandler,IndustrialCraft 2,IC2:blockMachine3:2,,IC2,TRUE,,,65,,5,,,,,,
ic2.neiIntegration.core.recipehandler.CentrifugeRecipeHandler,IndustrialCraft 2,IC2:blockMachine2:3,,IC2,TRUE,,,65,,5,,,,,,
ic2.neiIntegration.core.recipehandler.CompressorRecipeHandler,IndustrialCraft 2,IC2:blockMachine:5,,IC2,TRUE,,,65,,5,,,,,,
ic2.neiIntegration.core.recipehandler.ExtractorRecipeHandler,IndustrialCraft 2,IC2:blockMachine:4,,IC2,TRUE,,,65,,5,,,,,,
ic2.neiIntegration.core.recipehandler.FluidCannerRecipeHandler,IndustrialCraft 2,IC2:blockMachine:6,,IC2,TRUE,,,75,,4,,,,,,
ic2.neiIntegration.core.recipehandler.LatheRecipeHandler,IndustrialCraft 2,IC2:blockMachine3:8,,IC2,TRUE,,,65,,5,,,,,,
ic2.neiIntegration.core.recipehandler.MaceratorRecipeHandler,IndustrialCraft 2,IC2:blockMachine:3,,IC2,TRUE,,,65,,5,,,,,,
ic2.neiIntegration.core.recipehandler.MetalFormerRecipeHandlerCutting,IndustrialCraft 2,IC2:blockMachine2:4,,IC2,TRUE,,,55,,6,,,,,,
ic2.neiIntegration.core.recipehandler.MetalFormerRecipeHandlerExtruding,IndustrialCraft 2,IC2:blockMachine2:4,,IC2,TRUE,,,55,,6,,,,,,
ic2.neiIntegration.core.recipehandler.MetalFormerRecipeHandlerRolling,IndustrialCraft 2,IC2:blockMachine2:4,,IC2,TRUE,,,55,,6,,,,,,
ic2.neiIntegration.core.recipehandler.OreWashingRecipeHandler,IndustrialCraft 2,IC2:blockMachine2:5,,IC2,TRUE,,,,,,,,,,,
ic2.neiIntegration.core.recipehandler.ScrapboxRecipeHandler,IndustrialCraft 2,IC2:itemScrapbox,,IC2,TRUE,,,50,,6,,,,,,
ic2.neiIntegration.core.recipehandler.SolidCannerRecipeHandler,IndustrialCraft 2,IC2:blockMachine2:9,,IC2,TRUE,,,,,,,,,,,
speiger.src.crops.prediction.NEIPlugin,IC2CropsNEI,IC2:blockCrop,,Ic2Nei,TRUE,,,135,,2,,,,,,"Not actual recipes, just info"
tonius.neiintegration.mods.mcforge.RecipeHandlerFluidRegistry,Minecraft,minecraft:water,,minecraft,FALSE,,,,,,,,,,,
tonius.neiintegration.mods.mcforge.RecipeHandlerOreDictionary,Minecraft,minecraft:iron_ore,,minecraft,FALSE,,,,,,,,,,,
gt.recipe.alloyblastsmelter,GT++,gregtech:gt.blockmachines:810,,miscutils,TRUE,,6,135,166,2,,,,,,ABS
gt.recipe.rocketenginefuel,GT++,gregtech:gt.blockmachines:793,,miscutils,TRUE,,6,135,166,2,,,,,,Basic (EV) rocket fuel gen
gt.recipe.cyclotron,GT++,gregtech:gt.blockmachines:828,,miscutils,TRUE,,6,135,166,2,,,,,,Cyclotron
gt.recipe.chemicaldehydrator,GT++,gregtech:gt.blockmachines:911,,miscutils,TRUE,,6,135,166,2,,,,,,Dehydrator
gt.recipe.slowfusionreactor,GT++,gregtech:gt.blockmachines:31015,,miscutils,TRUE,,6,135,166,2,,,,,,gt.blockmachines.gtplusplus.fusion.single
gt.recipe.RTGgenerators,GT++,gregtech:gt.blockmachines:869,,miscutils,TRUE,,6,135,166,2,,,,,,GT++ version of the RTG
gt.recipe.cokeoven,GT++,gregtech:gt.blockmachines:791,,miscutils,TRUE,,6,135,166,2,,,,,,ICO
gt.recipe.semifluidgeneratorfuels,GT++,gregtech:gt.blockmachines:837,,miscutils,TRUE,,6,135,166,2,,,,,,Semifluid gen
gt.recipe.fishpond,GT++,gregtech:gt.blockmachines:829,,miscutils,TRUE,,6,135,166,2,,,,,,Zhuhai
gt.recipe.advanced.mixer,GT++,gregtech:gt.blockmachines:811,,miscutils,TRUE,,6,135,166,2,,,,,,
gt.recipe.cryogenicfreezer,GT++,gregtech:gt.blockmachines:910,,miscutils,TRUE,,6,135,166,2,,,,,,
gt.recipe.fissionfuel,GT++,gregtech:gt.blockmachines:835,,miscutils,TRUE,,6,135,166,2,,,,,,
gt.recipe.geothermalfuel,GT++,gregtech:gt.blockmachines:830,,miscutils,TRUE,,6,135,166,2,,,,,,
gt.recipe.lftr,GT++,gregtech:gt.blockmachines:751,,miscutils,TRUE,,6,135,166,2,,,,,,
gt.recipe.lftr.2,GT++,gregtech:gt.blockmachines:751,,miscutils,TRUE,,6,135,166,2,,,,,,
gt.recipe.matterfab2,GT++,gregtech:gt.blockmachines:799,,miscutils,TRUE,,6,135,166,2,,,,,,
gt.recipe.multicentrifuge,GT++,gregtech:gt.blockmachines:790,,miscutils,TRUE,,6,135,166,2,,,,,,
gt.recipe.multielectro,GT++,gregtech:gt.blockmachines:796,,miscutils,TRUE,,6,135,166,2,,,,,,
gt.recipe.simplewasher,GT++,gregtech:gt.blockmachines:767,,miscutils,TRUE,,6,135,166,2,,,,,,
gt.recipe.vacfurnace,GT++,gregtech:gt.blockmachines:995,,miscutils,TRUE,,6,135,166,2,,,,,,
gtPlusPlus.nei.DecayableRecipeHandler,GT++,miscutils:dustRadium226,,miscutils,TRUE,,,75,,4,,,,,,
gtPlusPlus.nei.GT_NEI_FlotationCell,GT++,gregtech:gt.blockmachines:31028,,miscutils,TRUE,,,120,,2,,,,,,
gtPlusPlus.nei.GT_NEI_FluidReactor,GT++,gregtech:gt.blockmachines:998,,miscutils,TRUE,,,120,,2,,,,,,
gtPlusPlus.nei.GT_NEI_MillingMachine,GT++,gregtech:gt.blockmachines:31027,,miscutils,TRUE,,,120,,2,,,,,,
li.cil.oc.integration.nei.CallbackDocHandler,OpenComputers,OpenComputers:item:98,,OpenComputers,TRUE,,,120,,2,,,,,,
li.cil.oc.integration.nei.ManualUsageHandler,OpenComputers,OpenComputers:item:98,,OpenComputers,TRUE,,,120,,2,,,,,,
com.pam.harvestcraft.GardenRecipeHandler,Pam's Harvestcraft,harvestcraft:berrygarden,,harvestcraft,TRUE,,,100,,5,,,,,,
tonius.neiintegration.mods.harvestcraft.RecipeHandlerApiary,Pam's Harvestcraft,harvestcraft:apiary,,harvestcraft,TRUE,,,70,,5,,,,,,There's only 1 though
tonius.neiintegration.mods.harvestcraft.RecipeHandlerChurn,Pam's Harvestcraft,harvestcraft:churn,,harvestcraft,TRUE,,,65,,5,,,,,,Same as above
tonius.neiintegration.mods.harvestcraft.RecipeHandlerOven,Pam's Harvestcraft,harvestcraft:oven,,harvestcraft,TRUE,,,65,,5,,,,,,
tonius.neiintegration.mods.harvestcraft.RecipeHandlerPresser,Pam's Harvestcraft,harvestcraft:presser,,harvestcraft,TRUE,,,65,,5,,,,,,
tonius.neiintegration.mods.harvestcraft.RecipeHandlerQuern,Pam's Harvestcraft,harvestcraft:quern,,harvestcraft,TRUE,,,65,,5,,,,,,
gcewing.projectblue.nei.NEIRecipeHandler,ProjectBlue,ProjectBlue:sprayCan,,ProjectBlue,TRUE,,,65,,5,,,,,,
mrtjp.projectred.core.libmc.recipe.PRShapedRecipeHandler,ProjectRed,ProjRed|Transmission:projectred.transmission.wire:7,,ProjRed|Transmission,TRUE,,,,,,,,,,,
mrtjp.projectred.core.libmc.recipe.PRShapelessRecipeHandler,ProjectRed,ProjRed|Transmission:projectred.transmission.wire:7,,ProjRed|Transmission,TRUE,,,,,,,,,,,
tonius.neiintegration.mods.railcraft.RecipeHandlerBlastFurnace,Railcraft,Railcraft:machine.alpha:12,,Railcraft,TRUE,,,,,,,,,,,
tonius.neiintegration.mods.railcraft.RecipeHandlerCokeOven,Railcraft,Railcraft:machine.alpha:7,,Railcraft,TRUE,,,65,,5,,,,,,
tonius.neiintegration.mods.railcraft.RecipeHandlerRockCrusher,Railcraft,Railcraft:machine.alpha:15,,Railcraft,TRUE,,,,,,,,,,,
tonius.neiintegration.mods.railcraft.RecipeHandlerRollingMachineShaped,Railcraft,Railcraft:machine.alpha:8,,Railcraft,TRUE,,,65,,5,,,,,,
tonius.neiintegration.mods.railcraft.RecipeHandlerRollingMachineShapeless,Railcraft,Railcraft:machine.alpha:8,,Railcraft,TRUE,,,,,,,,,,,
lumien.randomthings.Handler.ModCompability.NEI.ImbuingStationRecipeHandler,RandomThings,RandomThings:imbuingStation,,RandomThings,TRUE,,,120,,2,,,,,,
com.github.technus.tectech.nei.TT_NEI_ResearchHandler,TecTech,gregtech:gt.blockmachines:15331,,tectech,TRUE,,6,140,,2,,,,,,
com.github.technus.tectech.nei.TT_NEI_ScannerHandler,TecTech,tectech:item.em.definitionScanStorage,,tectech,TRUE,,,,,,,,,,,
com.djgiannuzz.thaumcraftneiplugin.nei.recipehandler.ArcaneShapedRecipeHandler,Thaumcraft,Thaumcraft:blockTable:15,,Thaumcraft,TRUE,,,140,,2,,,,,,
com.djgiannuzz.thaumcraftneiplugin.nei.recipehandler.ArcaneShapelessRecipeHandler,Thaumcraft,Thaumcraft:blockTable:15,,Thaumcraft,TRUE,,,140,,2,,,,,,
com.djgiannuzz.thaumcraftneiplugin.nei.recipehandler.CrucibleRecipeHandler,Thaumcraft,Thaumcraft:blockMetalDevice,,Thaumcraft,TRUE,,,140,,2,,,,,,Using R on an item you get from the crucible basically never works
com.djgiannuzz.thaumcraftneiplugin.nei.recipehandler.InfusionRecipeHandler,Thaumcraft,Thaumcraft:blockStoneDevice:2,,Thaumcraft,TRUE,,,140,,2,,,,,,
ru.timeconqueror.tcneiadditions.nei.arcaneworkbench.ArcaneCraftingShapedHandler,Thaumcraft,Thaumcraft:blockTable:15,,Thaumcraft,TRUE,,,140,,2,,,,,,
ru.timeconqueror.tcneiadditions.nei.AspectCombinationHandler,Thaumcraft,Thaumcraft:ItemResearchNotes,,Thaumcraft,TRUE,,,130,,2,,,,,,In sets of 5. Each one is ~30 height
ru.timeconqueror.tcneiadditions.nei.AspectFromItemStackHandler,Thaumcraft,Thaumcraft:ItemResearchNotes,,Thaumcraft,TRUE,,,140,,2,,,,,,
tconstruct.plugins.nei.RecipeHandlerAlloying,Tinker's Construct,TConstruct:Smeltery,,TConstruct,TRUE,,,65,,5,,,,,,
tconstruct.plugins.nei.RecipeHandlerCastingBasin,Tinker's Construct,TConstruct:SearedBlock:2,,TConstruct,TRUE,,,65,,5,,,,,,
tconstruct.plugins.nei.RecipeHandlerCastingTable,Tinker's Construct,TConstruct:SearedBlock,,TConstruct,TRUE,,,65,,5,,,,,,
tconstruct.plugins.nei.RecipeHandlerDryingRack,Tinker's Construct,TConstruct:Armor.DryingRack,,TConstruct,TRUE,,,55,,5,,,,,,
tconstruct.plugins.nei.RecipeHandlerMelting,Tinker's Construct,TConstruct:LavaTank:2,,TConstruct,TRUE,,,65,,5,,,,,,
tconstruct.plugins.nei.RecipeHandlerToolMaterials,Tinker's Construct,TConstruct:ToolStationBlock,,TConstruct,TRUE,,,110,,3,,,,,,"Longer if more modifiers, I went through the whole list"
net.p455w0rd.wirelesscraftingterminal.integration.modules.NEIHelpers.NEIAEShapedRecipeHandler,Wireless Crafting Terminal,ae2wct:wirelessCraftingTerminal,,ae2wct,TRUE,,,,,,,,,,,
alkalus.main.nei.NEI_Handler_Cauldron,Witchery,witchery:cauldron,,WitcheryExtras,TRUE,,,65,,5,,,,,,
alkalus.main.nei.NEI_Handler_Distillery,Witchery,witchery:distilleryidle,,WitcheryExtras,TRUE,,,140,,2,,,,,,
alkalus.main.nei.NEI_Handler_Kettle,Witchery,witchery:kettle,,WitcheryExtras,TRUE,,,65,,5,,,,,,
alkalus.main.nei.NEI_Handler_Oven,Witchery,witchery:witchesovenidle,,WitcheryExtras,TRUE,,,,,,,,,,,Not working at all now
alkalus.main.nei.NEI_Handler_SpinningWheel,Witchery,witchery:spinningwheel,,WitcheryExtras,TRUE,,,65,,5,,,,,,
com.emoniph.witchery.integration.NEICauldronRecipeHandler,Witchery,witchery:cauldron,,witchery,TRUE,,,65,,5,,,,,,Replaced by WE presumably
com.emoniph.witchery.integration.NEIDistilleryRecipeHandler,Witchery,witchery:distilleryidle,,witchery,TRUE,,,140,,2,,,,,,Replaced by WE presumably
com.emoniph.witchery.integration.NEIKettleRecipeHandler,Witchery,witchery:kettle,,witchery,TRUE,,,65,,5,,,,,,Replaced by WE presumably
com.emoniph.witchery.integration.NEISpinningWheelRecipeHandler,Witchery,witchery:spinningwheel,,witchery,TRUE,,,,,,,,,,,Replaced by WE presumably
com.emoniph.witchery.integration.NEIWitchesOvenRecipeHandler,Witchery,witchery:witchesovenidle,,witchery,TRUE,,,65,,5,,,,,,Replaced by WE presumably
witchinggadgets.client.nei.NEIInfernalBlastfurnaceHandler,WitchingGadgets,WitchingGadgets:WG_StoneDevice:2,,WitchingGadgets,TRUE,,,65,,5,,,,,,
witchinggadgets.client.nei.NEISpinningWheelHandler,WitchingGadgets,WitchingGadgets:WG_WoodenDevice,,WitchingGadgets,TRUE,,,110,,3,,,,,,
gt.recipe.anvil,GregTech 6,gregtech:gt.multitileentity:32031,,gregapi_post,TRUE,,15,145,166,2,,,,,,
gt.recipe.anvil.bend.big,GregTech 6,gregtech:gt.multitileentity:32031,,gregapi_post,TRUE,,15,145,166,2,,,,,,
gt.recipe.anvil.bend.small,GregTech 6,gregtech:gt.multitileentity:32031,,gregapi_post,TRUE,,15,145,166,2,,,,,,
gt.recipe.aquaticfarm,GregTech 6,gregtech:gt.multitileentity:17131,,gregapi_post,TRUE,,15,145,166,2,,,,,,
gt.recipe.assembler,GregTech 6,gregtech:gt.multitileentity:20621,,gregapi_post,TRUE,,15,145,166,2,,,,,,
gt.recipe.autoclave,GregTech 6,gregtech:gt.multitileentity:22004,,gregapi_post,TRUE,,15,145,166,2,,,,,,
gt.recipe.bath,GregTech 6,gregtech:gt.multitileentity:22002,,gregapi_post,TRUE,,15,145,166,2,,,,,,
gt.recipe.bedrockorelist,GregTech 6,gregtech:gt.multitileentity:17999,,gregapi_post,TRUE,,15,145,166,2,,,,,,
gt.recipe.biolab,GregTech 6,gregtech:gt.multitileentity:17127,,gregapi_post,TRUE,,15,145,166,2,,,,,,
gt.recipe.boxinator,GregTech 6,gregtech:gt.multitileentity:20581,,gregapi_post,TRUE,,15,145,166,2,,,,,,
gt.recipe.bumblelyzer,GregTech 6,gregtech:gt.multitileentity:20541,,gregapi_post,TRUE,,15,145,166,2,,,,,,
gt.recipe.bumblequeen,GregTech 6,gregtech:gt.multiitem.bumblebee:1,"{""gt.bumble"": {}}",gregapi_post,TRUE,,15,145,166,2,,,,,,
gt.recipe.burnmixer,GregTech 6,gregtech:gt.multitileentity:20521,,gregapi_post,TRUE,,15,145,166,2,,,,,,
gt.recipe.byproductlist,GregTech 6,minecraft:diamond_ore,,gregapi_post,TRUE,,15,145,166,2,,,,,,
gt.recipe.canner,GregTech 6,gregtech:gt.multitileentity:20161,,gregapi_post,TRUE,,15,145,166,2,,,,,,
gt.recipe.catalyticcracking,GregTech 6,gregtech:gt.multitileentity:20481,,gregapi_post,TRUE,,15,145,166,2,,,,,,
gt.recipe.centrifuge,GregTech 6,gregtech:gt.multitileentity:20081,,gregapi_post,TRUE,,15,145,166,2,,,,,,
gt.recipe.clustermill,GregTech 6,gregtech:gt.multitileentity:20141,,gregapi_post,TRUE,,15,145,166,2,,,,,,
gt.recipe.coagulator,GregTech 6,gregtech:gt.multitileentity:22000,,gregapi_post,TRUE,,15,145,166,2,,,,,,
gt.recipe.cokeoven,GregTech 6,gregtech:gt.multitileentity:17000,,gregapi_post,TRUE,,15,145,166,2,,,,,,
gt.recipe.compressor,GregTech 6,gregtech:gt.multitileentity:20101,,gregapi_post,TRUE,,15,145,166,2,,,,,,
gt.recipe.crackingtower,GregTech 6,gregtech:gt.multitileentity:17115,,gregapi_post,TRUE,,15,145,166,2,,,,,,
gt.recipe.cruciblealloying,GregTech 6,gregtech:gt.multitileentity:1005,,gregapi_post,TRUE,,15,145,166,2,,,,,,
gt.recipe.cruciblesmelting,GregTech 6,gregtech:gt.multitileentity:1005,,gregapi_post,TRUE,,15,145,166,2,,,,,,
gt.recipe.crusher,GregTech 6,gregtech:gt.multitileentity:20021,,gregapi_post,TRUE,,15,145,166,2,,,,,,
gt.recipe.cryodistillationtower,GregTech 6,gregtech:gt.multitileentity:17111,,gregapi_post,TRUE,,15,145,166,2,,,,,,
gt.recipe.cryomixer,GregTech 6,gregtech:gt.multitileentity:20571,,gregapi_post,TRUE,,15,145,166,2,,,,,,
gt.recipe.crystallisationcrucible,GregTech 6,gregtech:gt.multitileentity:20251,,gregapi_post,TRUE,,15,145,166,2,,,,,,
gt.recipe.cutter,GregTech 6,gregtech:gt.multitileentity:20061,,gregapi_post,TRUE,,15,145,166,2,,,,,,
gt.recipe.debarker,GregTech 6,gregtech:gt.multitileentity:20551,,gregapi_post,TRUE,,15,145,166,2,,,,,,
gt.recipe.distillationtower,GregTech 6,gregtech:gt.multitileentity:20191,,gregapi_post,TRUE,,15,145,166,2,,,,,,
gt.recipe.distillery,GregTech 6,gregtech:gt.multitileentity:20191,,gregapi_post,TRUE,,15,145,166,2,,,,,,
gt.recipe.drying,GregTech 6,gregtech:gt.multitileentity:20311,,gregapi_post,TRUE,,15,145,166,2,,,,,,
gt.recipe.electrolyzer,GregTech 6,gregtech:gt.multitileentity:20091,,gregapi_post,TRUE,,15,145,166,2,,,,,,
gt.recipe.extruder,GregTech 6,gregtech:gt.multitileentity:20202,,gregapi_post,TRUE,,15,145,166,2,,,,,,
gt.recipe.fermenter,GregTech 6,gregtech:gt.multitileentity:22003,,gregapi_post,TRUE,,15,145,166,2,,,,,,
gt.recipe.fluidsolidifier,GregTech 6,gregtech:gt.multitileentity:20611,,gregapi_post,TRUE,,15,145,166,2,,,,,,
gt.recipe.freezer,GregTech 6,gregtech:gt.multitileentity:20561,,gregapi_post,TRUE,,15,145,166,2,,,,,,
gt.recipe.fuels.burn,GregTech 6,gregtech:gt.multitileentity:1109,,gregapi_post,TRUE,,15,145,166,2,,,,,,
gt.recipe.fuels.engine,GregTech 6,gregtech:gt.multitileentity:9147,,gregapi_post,TRUE,,15,145,166,2,,,,,,
gt.recipe.fuels.fluidbed,GregTech 6,gregtech:gt.multitileentity:9009,,gregapi_post,TRUE,,15,145,166,2,,,,,,
gt.recipe.fuels.gas,GregTech 6,gregtech:gt.multitileentity:1609,,gregapi_post,TRUE,,15,145,166,2,,,,,,
gt.recipe.fuels.plasma,GregTech 6,gregtech:gt.multitileentity:17251,,gregapi_post,TRUE,,15,145,166,2,,,,,,
gt.recipe.fuels.turbine,GregTech 6,gregtech:gt.multitileentity:17231,,gregapi_post,TRUE,,15,145,166,2,,,,,,
gt.recipe.fusionreactor,GregTech 6,gregtech:gt.multitileentity:17198,,gregapi_post,TRUE,,15,145,166,2,,,,,,
gt.recipe.generifier,GregTech 6,gregtech:gt.multitileentity:22001,,gregapi_post,TRUE,,15,145,166,2,,,,,,
gt.recipe.heatmixer,GregTech 6,gregtech:gt.multitileentity:20506,,gregapi_post,TRUE,,15,145,166,2,,,,,,
gt.recipe.implosioncompressor,GregTech 6,gregtech:gt.multitileentity:17110,,gregapi_post,TRUE,,15,145,166,2,,,,,,
gt.recipe.incubator,GregTech 6,gregtech:gt.multitileentity:22005,,gregapi_post,TRUE,,15,145,166,2,,,,,,
gt.recipe.injector,GregTech 6,gregtech:gt.multitileentity:20261,,gregapi_post,TRUE,,15,145,166,2,,,,,,
gt.recipe.ionizer,GregTech 6,gregtech:gt.multitileentity:17315,,gregapi_post,TRUE,,15,145,166,2,,,,,,
gt.recipe.juicer,GregTech 6,gregtech:gt.multitileentity:32722,,gregapi_post,TRUE,,15,145,166,2,,,,,,
gt.recipe.laminator,GregTech 6,gregtech:gt.multitileentity:20391,,gregapi_post,TRUE,,15,145,166,2,,,,,,
gt.recipe.lasercutter,GregTech 6,gregtech:gt.multitileentity:20631,,gregapi_post,TRUE,,15,145,166,2,,,,,,
gt.recipe.laserengraver,GregTech 6,gregtech:gt.multitileentity:20321,,gregapi_post,TRUE,,15,145,166,2,,,,,,
gt.recipe.lathe,GregTech 6,gregtech:gt.multitileentity:20041,,gregapi_post,TRUE,,15,145,166,2,,,,,,
gt.recipe.lightning,GregTech 6,gregtech:gt.multitileentity:20501,,gregapi_post,TRUE,,15,145,166,2,,,,,,
gt.recipe.loom,GregTech 6,gregtech:gt.multitileentity:20211,,gregapi_post,TRUE,,15,145,166,2,,,,,,
gt.recipe.magneticseparator,GregTech 6,gregtech:gt.multitileentity:20301,,gregapi_post,TRUE,,15,145,166,2,,,,,,
gt.recipe.maskaligner,GregTech 6,gregtech:gt.multitileentity:17122,,gregapi_post,TRUE,,15,145,166,2,,,,,,
gt.recipe.massfab,GregTech 6,gregtech:gt.multitileentity:20411,,gregapi_post,TRUE,,15,145,166,2,,,,,,
gt.recipe.mixer,GregTech 6,gregtech:gt.multitileentity:20181,,gregapi_post,TRUE,,15,145,166,2,,,,,,
gt.recipe.mortar,GregTech 6,gregtech:gt.multitileentity:32735,,gregapi_post,TRUE,,15,145,166,2,,,,,,
gt.recipe.nanofab,GregTech 6,gregtech:gt.multitileentity:20441,,gregapi_post,TRUE,,15,145,166,2,,,,,,
gt.recipe.oilcleaner,GregTech 6,gregtech:gt.multitileentity:17116,,gregapi_post,TRUE,,15,145,166,2,,,,,,
gt.recipe.particlecollider,GregTech 6,gregtech:gt.multitileentity:17200,,gregapi_post,TRUE,,15,145,166,2,,,,,,
gt.recipe.plantalyzer,GregTech 6,gregtech:gt.multitileentity:20531,,gregapi_post,TRUE,,15,145,166,2,,,,,,
gt.recipe.polarizer,GregTech 6,gregtech:gt.multitileentity:20221,,gregapi_post,TRUE,,15,145,166,2,,,,,,
gt.recipe.press,GregTech 6,gregtech:gt.multitileentity:20231,,gregapi_post,TRUE,,15,145,166,2,,,,,,
gt.recipe.printer,GregTech 6,gregtech:gt.multitileentity:20271,,gregapi_post,TRUE,,15,145,166,2,,,,,,
gt.recipe.replicator,GregTech 6,gregtech:gt.multitileentity:20431,,gregapi_post,TRUE,,15,145,166,2,,,,,,
gt.recipe.roaster,GregTech 6,gregtech:gt.multitileentity:20171,,gregapi_post,TRUE,,15,145,166,2,,,,,,
gt.recipe.rollbender,GregTech 6,gregtech:gt.multitileentity:20121,,gregapi_post,TRUE,,15,145,166,2,,,,,,
gt.recipe.rollformer,GregTech 6,gregtech:gt.multitileentity:20131,,gregapi_post,TRUE,,15,145,166,2,,,,,,
gt.recipe.rollingmill,GregTech 6,gregtech:gt.multitileentity:20111,,gregapi_post,TRUE,,15,145,166,2,,,,,,
gt.recipe.scannermolecular,GregTech 6,gregtech:gt.multitileentity:20423,,gregapi_post,TRUE,,15,145,166,2,,,,,,
gt.recipe.scannervisuals,GregTech 6,gregtech:gt.multitileentity:20281,,gregapi_post,TRUE,,15,145,166,2,,,,,,
gt.recipe.sharpener,GregTech 6,gregtech:gt.multitileentity:20511,,gregapi_post,TRUE,,15,145,166,2,,,,,,
gt.recipe.shredder,GregTech 6,gregtech:gt.multitileentity:20011,,gregapi_post,TRUE,,15,145,166,2,,,,,,
gt.recipe.sifter,GregTech 6,gregtech:gt.multitileentity:20051,,gregapi_post,TRUE,,15,145,166,2,,,,,,
gt.recipe.slicer,GregTech 6,gregtech:gt.multitileentity:20381,,gregapi_post,TRUE,,15,145,166,2,,,,,,
gt.recipe.sluice,GregTech 6,gregtech:gt.multitileentity:20291,,gregapi_post,TRUE,,15,145,166,2,,,,,,
gt.recipe.smelter,GregTech 6,gregtech:gt.multitileentity:20241,,gregapi_post,TRUE,,15,145,166,2,,,,,,
gt.recipe.squeezer,GregTech 6,gregtech:gt.multitileentity:20071,,gregapi_post,TRUE,,15,145,166,2,,,,,,
gt.recipe.steamcracking,GregTech 6,gregtech:gt.multitileentity:20491,,gregapi_post,TRUE,,15,145,166,2,,,,,,
gt.recipe.toolhead,GregTech 6,gregtech:gt.meta.toolHeadPickaxe:260,,gregapi_post,TRUE,,15,145,166,2,,,,,,
gt.recipe.unboxinator,GregTech 6,gregtech:gt.multitileentity:20591,,gregapi_post,TRUE,,15,145,166,2,,,,,,
gt.recipe.welder,GregTech 6,gregtech:gt.multitileentity:20331,,gregapi_post,TRUE,,15,145,166,2,,,,,,
gt.recipe.well,GregTech 6,gregtech:gt.multitileentity:17124,,gregapi_post,TRUE,,15,145,166,2,,,,,,
gt.recipe.wiremill,GregTech 6,gregtech:gt.multitileentity:20151,,gregapi_post,TRUE,,15,145,166,2,,,,,,
smelting,GregTech 6,gregtech:gt.multitileentity:20001,,gregapi_post,TRUE,,15,145,166,2,,,,,,This uses the same recipe map as the MC furnace
gt.recipe.trees,GregTech 6,minecraft:sapling,,gregapi_post,TRUE,,15,145,166,2,,,,,,
moze_intel.projecte.integration.NEI.NEIWorldTransmuteHandler,ProjectE,ProjectE:item.pe_philosophers_stone,,ProjectE,TRUE,,,45,,10,,,,,,
moze_intel.projecte.integration.NEI.NEIPhiloSmeltingHandler,ProjectE,ProjectE:item.pe_philosophers_stone,,ProjectE,TRUE,,,,,5,,,,,,
moze_intel.projecte.integration.NEI.NEIKleinStarHandler,ProjectE,ProjectE:item.pe_klein_star,,ProjectE,TRUE,,,,,5,,,,,,
moze_intel.projecte.integration.NEI.NEIAlchBagHandler,ProjectE,ProjectE:item.pe_alchemical_bag,,ProjectE,TRUE,,,,,5,,,,,,
de.katzenpapst.amunra.nei.recipehandler.ARCircuitFab,Pra's Galacticraft Mod,GalacticraftCore:tile.machine2:4,,GalacticraftAmunRa,TRUE,,,,,,,,,,,
de.katzenpapst.amunra.nei.recipehandler.ARNasaWorkbenchShuttle,Pra's Galacticraft Mod,GalacticraftAmunRa:item.itemShuttle,,GalacticraftAmunRa,TRUE,,,130,168,16,,,,,,
vazkii.botania.client.integration.nei.recipe.RecipeHandlerFloatingFlowers,Botania,Botania:miniIsland,,Botania,TRUE,,,,,5,,,,,,
vazkii.botania.client.integration.nei.recipe.RecipeHandlerPetalApothecary,Botania,Botania:altar,,Botania,TRUE,,,102,137,4,,,,,,
vazkii.botania.client.integration.nei.recipe.RecipeHandlerRunicAltar,Botania,Botania:runeAltar,,Botania,TRUE,,,122,137,4,,,,,,
vazkii.botania.client.integration.nei.recipe.RecipeHandlerManaPool,Botania,Botania:pool,,Botania,TRUE,,,90,137,4,,,,,,
vazkii.botania.client.integration.nei.recipe.RecipeHandlerElvenTrade,Botania,Botania:alfheimPortal,,Botania,TRUE,,,90,130,4,,,,,,
vazkii.botania.client.integration.nei.recipe.RecipeHandlerBrewery,Botania,Botania:brewery,,Botania,TRUE,,,,,4,,,,,,
vazkii.botania.client.integration.nei.recipe.RecipeHandlerPureDaisy,Botania,Botania:specialFlower,"{type:puredaisy}",Botania,TRUE,,,,,4,,,,,,
vazkii.botania.client.integration.nei.recipe.RecipeHandlerLexicaBotania,Botania,Botania:lexicon,,Botania,TRUE,,,,,,,,,,,
com.jaquadro.minecraft.storagedrawers.integration.notenoughitems.UpgradeItemRecipeHandler,Storage Drawers,minecraft:crafting_table,,StorageDrawers,TRUE,,,65,166,5,,,,,,
ieArcFurnace,Immersive Engineering,ImmersiveEngineering:graphiteElectrode,,ImmersiveEngineering,TRUE,,,65,166,5,,,,,,
NEIArcFurnaceHandlerAlloying,Immersive Engineering,terrafirmacraftplus:item.Bronze Ingot,,ImmersiveEngineering,TRUE,,,65,166,5,,,,,,
NEIArcFurnaceHandlerOres,Immersive Engineering,minecraft:iron_ore,,ImmersiveEngineering,TRUE,,,65,166,5,,,,,,
NEIArcFurnaceHandlerSmelting,Immersive Engineering,terrafirmacraftplus:item.Ore:100,,ImmersiveEngineering,TRUE,,,65,166,5,,,,,,
NEIArcFurnaceHandlerGlassworking,Immersive Engineering,minecraft:glass,,ImmersiveEngineering,TRUE,,,65,166,5,,,,,,
NEIArcFurnaceHandlerDecarburization,Immersive Engineering,terrafirmacraftplus:item.Wrought Iron Ingot,,ImmersiveEngineering,TRUE,,,65,166,5,,,,,,
NEIArcFurnaceHandlerCarburization,Immersive Engineering,terrafirmacraftplus:item.HC Steel Ingot,,ImmersiveEngineering,TRUE,,,65,166,5,,,,,,
NEIArcFurnaceHandlerHeating,Immersive Engineering,,,ImmersiveEngineering,TRUE,,,65,166,5,nei:textures/nei_tabbed_sprites.png,80,0,14,14,
NEIArcFurnaceHandlerMelting,Immersive Engineering,terrafirmacraftplus:item.Molten Glass,,ImmersiveEngineering,TRUE,,,65,166,5,,,,,,
NEIArcFurnaceHandlerWelding,Immersive Engineering,terrafirmacraftplus:item.Bismuth Double Ingot,,ImmersiveEngineering,TRUE,,,65,166,5,,,,,,
NEIArcFurnaceHandlerElectrolysis,Immersive Engineering,teloaddon:Alumina,,ImmersiveEngineering,TRUE,,,65,166,5,,,,,,
NEIArcFurnaceHandlerCarrot Ingot,Immersive Engineering,minecraft:carrot,,ImmersiveEngineering,TRUE,,,65,166,5,,,,,,
NEIArcFurnaceHandlerExtraction,Immersive Engineering,minecraft:glowstone_dust,,ImmersiveEngineering,TRUE,,,65,166,5,,,,,,
blusunrize.immersiveengineering.client.nei.NEIShaderBagHandler,Immersive Engineering,ImmersiveEngineering:shaderBag,,ImmersiveEngineering,TRUE,,,65,166,5,,,,,,
blusunrize.immersiveengineering.client.nei.NEIBlueprintHandler,Immersive Engineering,ImmersiveEngineering:woodenDevice:5,,ImmersiveEngineering,TRUE,,,65,166,5,,,,,,
blusunrize.immersiveengineering.client.nei.NEICokeOvenHandler,Immersive Engineering,ImmersiveEngineering:stoneDecoration:1,,ImmersiveEngineering,TRUE,,,71,166,5,,,,,,
blusunrize.immersiveengineering.client.nei.NEIBlastFurnaceHandler,Immersive Engineering,ImmersiveEngineering:stoneDecoration:2,,ImmersiveEngineering,TRUE,,,71,166,5,,,,,,
blusunrize.immersiveengineering.client.nei.NEISqueezerHandler,Immersive Engineering,ImmersiveEngineering:metalMultiblock:2,,ImmersiveEngineering,TRUE,,,71,166,5,,,,,,
blusunrize.immersiveengineering.client.nei.NEIFermenterHandler,Immersive Engineering,ImmersiveEngineering:metalMultiblock:3,,ImmersiveEngineering,TRUE,,,71,166,5,,,,,,
blusunrize.immersiveengineering.client.nei.NEIRefineryHandler,Immersive Engineering,ImmersiveEngineering:metalMultiblock:4,,ImmersiveEngineering,TRUE,,,65,166,5,,,,,,
blusunrize.immersiveengineering.client.nei.NEIBottlingMachineHandler,Immersive Engineering,minecraft:glass_bottle,,ImmersiveEngineering,TRUE,,,65,166,5,,,,,,
blusunrize.immersiveengineering.client.nei.NEIMetalPressHandler,Immersive Engineering,ImmersiveEngineering:metalMultiblock:13,,ImmersiveEngineering,TRUE,,,65,166,5,,,,,,
blusunrize.immersiveengineering.client.nei.NEICrusherHandler,Immersive Engineering,ImmersiveEngineering:metalMultiblock:5,,ImmersiveEngineering,TRUE,,,71,166,5,,,,,,
zmaster587.advancedRocketry.integration.nei.CrystallizerNEI,Advanced Rocketry,advancedRocketry:crystallizer,,advancedRocketry,TRUE,,,65,166,5,,,,,,
zmaster587.advancedRocketry.integration.nei.PrecisionAssemberNEI,Advanced Rocketry,advancedRocketry:precisionassemblingmachine,,advancedRocketry,TRUE,,,96,166,5,,,,,,
zmaster587.advancedRocketry.integration.nei.CuttingMachineNEI,Advanced Rocketry,advancedRocketry:tile.cuttingMachine,,advancedRocketry,TRUE,,,96,166,5,,,,,,
zmaster587.advancedRocketry.integration.nei.BlastFurnaceNEI,Advanced Rocketry,advancedRocketry:tile.electricArcFurnace,,advancedRocketry,TRUE,,,96,166,5,,,,,,
zmaster587.advancedRocketry.integration.nei.ElectrolyserNEI,Advanced Rocketry,advancedRocketry:tile.electrolyser,,advancedRocketry,TRUE,,,96,166,5,,,,,,
zmaster587.advancedRocketry.integration.nei.LatheNEI,Advanced Rocketry,advancedRocketry:tile.lathe,,advancedRocketry,TRUE,,,96,166,5,,,,,,
zmaster587.advancedRocketry.integration.nei.ChemicalReactorNEI,Advanced Rocketry,advancedRocketry:tile.chemreactor,,advancedRocketry,TRUE,,,96,166,5,,,,,,
zmaster587.advancedRocketry.integration.nei.PlatePresserNEI,Advanced Rocketry,advancedRocketry:tile.blockHandPress,,advancedRocketry,TRUE,,,65,166,5,,,,,,
zmaster587.advancedRocketry.integration.nei.RollingMachineNEI,Advanced Rocketry,advancedRocketry:tile.rollingMachine,,advancedRocketry,TRUE,,,96,166,5,,,,,,
net.dries007.tfcnei.recipeHandlers.AnvilRecipeHandler,TerraFirmaCraft+,terrafirmacraftplus:Anvil,,terrafirmacraftplus,TRUE,,10,138,208,2,,,,,,
net.dries007.tfcnei.recipeHandlers.QuernRecipeHandler,TerraFirmaCraft+,terrafirmacraftplus:item.Quern,,terrafirmacraftplus,TRUE,,,65,166,5,,,,,,
net.dries007.tfcnei.recipeHandlers.KilnRecipeHandler,TerraFirmaCraft+,,,terrafirmacraftplus,TRUE,,,65,166,5,terrafirmacraftneiplugin:textures/gui/pitkiln.png,47,38,14,14,
net.dries007.tfcnei.recipeHandlers.LoomRecipeHandler,TerraFirmaCraft+,terrafirmacraftplus:Loom,,terrafirmacraftplus,TRUE,,,65,166,5,,,,,,
net.dries007.tfcnei.recipeHandlers.KnappingRecipeHandler,TerraFirmaCraft+,terrafirmacraftplus:item.LooseRock,,terrafirmacraftplus,TRUE,,,96,166,3,,,,,,
net.dries007.tfcnei.recipeHandlers.ClothingRecipeHandler,TerraFirmaCraft+,terrafirmacraftplus:item.Bone Needle Thread,,terrafirmacraftplus,TRUE,,,65,166,5,,,,,,
net.dries007.tfcnei.recipeHandlers.BarrelRecipeHandler,TerraFirmaCraft+,terrafirmacraftplus:Barrel,,terrafirmacraftplus,TRUE,,,65,166,5,,,,,,
net.dries007.tfcnei.recipeHandlers.AlloyRecipeHandler,TerraFirmaCraft+,terrafirmacraftplus:Crucible,,terrafirmacraftplus,TRUE,,,65,166,5,,,,,,
net.dries007.tfcnei.recipeHandlers.HeatRecipeHandler,TerraFirmaCraft+,terrafirmacraftplus:Firepit,,terrafirmacraftplus,TRUE,,,65,166,5,,,,,,
net.dries007.tfcnei.recipeHandlers.PressRecipeHandler,TerraFirmaCraft+,terrafirmacraftplus:StoneHopper,,terrafirmacraftplus,TRUE,,,65,166,5,,,,,,
letiu.modbase.integration.nei.ShapelessHandler,Pistronics 2,minecraft:crafting_table,,Pistronics2,TRUE,,,65,166,5,,,,,,
letiu.modbase.integration.nei.ShapedHandler,Pistronics 2,minecraft:crafting_table,,Pistronics2,TRUE,,,65,166,5,,,,,,
minechem.nei.ChemicalBucketNEIRecipeHandler,Minecraft,minecraft:crafting_table,,minechem,TRUE,,,65,166,5,,,,,,
minechem.nei.DecomposerNEIRecipeHandler,Minechem,minechem:tile.chemicalDecomposer,,minechem,TRUE,,,131,166,2,,,,,,
minechem.nei.SynthesisNEIRecipeHandler,Minechem,minechem:tile.chemicalSynthesizer,,minechem,TRUE,,,65,166,5,,,,,,
exter.fodc.nei.ODCRecipeHandler,Ore Dictionary Converter,fodc:oreConvTable,,fodc,TRUE,,,,,4,,,,,,
cofh.thermalexpansion.plugins.nei.handlers.RecipeHandlerCharger,Thermal Expansion,ThermalExpansion:Machine:10,,ThermalExpansion,TRUE,,,65,166,5,,,,,,
cofh.thermalexpansion.plugins.nei.handlers.RecipeHandlerCraftingMachine,Thermal Expansion,ThermalExpansion:Frame,,ThermalExpansion,TRUE,,,65,166,5,,,,,,
cofh.thermalexpansion.plugins.nei.handlers.RecipeHandlerCraftingSecure,Thermal Expansion,ThermalExpansion:material:16,,ThermalExpansion,TRUE,,,65,166,5,,,,,,
cofh.thermalexpansion.plugins.nei.handlers.RecipeHandlerCraftingUpgrade,Thermal Expansion,ThermalExpansion:Frame:3,,ThermalExpansion,TRUE,,,65,166,5,,,,,,
cofh.thermalexpansion.plugins.nei.handlers.RecipeHandlerCrucible,Thermal Expansion,ThermalExpansion:Machine:4,,ThermalExpansion,TRUE,,,65,166,5,,,,,,
cofh.thermalexpansion.plugins.nei.handlers.RecipeHandlerFurnace,Thermal Expansion,ThermalExpansion:Machine:0,,ThermalExpansion,TRUE,,,65,166,5,,,,,,
cofh.thermalexpansion.plugins.nei.handlers.RecipeHandlerInsolator,Thermal Expansion,ThermalExpansion:Machine:11,,ThermalExpansion,TRUE,,,65,166,5,,,,,,
cofh.thermalexpansion.plugins.nei.handlers.RecipeHandlerPulverizer,Thermal Expansion,ThermalExpansion:Machine:1,,ThermalExpansion,TRUE,,,65,166,5,,,,,,
cofh.thermalexpansion.plugins.nei.handlers.RecipeHandlerSawmill,Thermal Expansion,ThermalExpansion:Machine:2,,ThermalExpansion,TRUE,,,65,166,5,,,,,,
cofh.thermalexpansion.plugins.nei.handlers.RecipeHandlerSmelter,Thermal Expansion,ThermalExpansion:Machine:3,,ThermalExpansion,TRUE,,,65,166,5,,,,,,
cofh.thermalexpansion.plugins.nei.handlers.RecipeHandlerTransposer,Thermal Expansion,ThermalExpansion:Machine:5,,ThermalExpansion,TRUE,,,65,166,5,,,,,,
mekanism.client.nei.ChemicalCrystallizerRecipeHandler,Mekanism,Mekanism:MachineBlock2:8,,Mekanism,TRUE,,,79,,4,,,,,,
mekanism.client.nei.ChemicalDissolutionChamberRecipeHandler,Mekanism,Mekanism:MachineBlock2:6,,Mekanism,TRUE,,,79,,4,,,,,,
mekanism.client.nei.ChemicalInfuserRecipeHandler,Mekanism,Mekanism:MachineBlock2:2,,Mekanism,TRUE,,,80,,4,,,,,,
mekanism.client.nei.ChemicalInjectionChamberRecipeHandler,Mekanism,Mekanism:MachineBlock2:3,,Mekanism,TRUE,,,68,,5,,,,,,
mekanism.client.nei.ChemicalOxidizerRecipeHandler,Mekanism,Mekanism:MachineBlock2:1,,Mekanism,TRUE,,,62,,5,,,,,,
mekanism.client.nei.ChemicalWasherRecipeHandler,Mekanism,Mekanism:MachineBlock2:7,,Mekanism,TRUE,,,70,,5,,,,,,
mekanism.client.nei.CombinerRecipeHandler,Mekanism,Mekanism:MachineBlock:2,,Mekanism,TRUE,,,68,,5,,,,,,
mekanism.client.nei.CrusherRecipeHandler,Mekanism,Mekanism:MachineBlock:3,,Mekanism,TRUE,,,68,,5,,,,,,
mekanism.client.nei.EnrichmentChamberRecipeHandler,Mekanism,Mekanism:MachineBlock:0,,Mekanism,TRUE,,,68,,5,,,,,,
mekanism.client.nei.MetallurgicInfuserRecipeHandler,Mekanism,Mekanism:MachineBlock:8,,Mekanism,TRUE,,,56,,5,,,,,,
mekanism.client.nei.OsmiumCompressorRecipeHandler,Mekanism,Mekanism:MachineBlock:1,,Mekanism,TRUE,,,68,,5,,,,,,
mekanism.client.nei.PRCRecipeHandler,Mekanism,Mekanism:MachineBlock2:10,,Mekanism,TRUE,,,68,,5,,,,,,
mekanism.client.nei.PrecisionSawmillRecipeHandler,Mekanism,Mekanism:MachineBlock2:5,,Mekanism,TRUE,,,68,,5,,,,,,
mekanism.client.nei.PurificationChamberRecipeHandler,Mekanism,Mekanism:MachineBlock:9,,Mekanism,TRUE,,,68,,5,,,,,,
mekanism.client.nei.RotaryCondensentratorRecipeHandler,Mekanism,Mekanism:MachineBlock2:0,,Mekanism,TRUE,,,71,,5,,,,,,
mekanism.client.nei.ShapedMekanismRecipeHandler,Mekanism,minecraft:crafting_table,,Mekanism,TRUE,,,65,166,5,,,,,,
mekanism.client.nei.ShapelessMekanismRecipeHandler,Mekanism,minecraft:crafting_table,,Mekanism,TRUE,,,65,166,5,,,,,,
mekanism.client.nei.SolarNeutronRecipeHandler,Mekanism,Mekanism:MachineBlock3:1,,Mekanism,TRUE,,,70,,5,,,,,,
mekanism.client.nei.ThermalEvaporationRecipeHandler,Mekanism,Mekanism:BasicBlock:14,,Mekanism,TRUE,,,62,,5,,,,,,
exnihilo.compatibility.nei.RecipeHandlerHammer,Ex Nihilo,exnihilo:hammer_iron,,exnihilo,TRUE,,,58,,5,,,,,,
exnihilo.compatibility.nei.RecipeHandlerSieve,Ex Nihilo,exnihilo:sifting_table,,exnihilo,TRUE,,,130,,2,,,,,,
gregtech.Alloy,GregTech-Addon,gregtech_addon:machine:56,,gregtech_addon,TRUE,,15,145,166,2,,,,,,
gregtech.Assembler,GregTech-Addon,gregtech_addon:machine:60,,gregtech_addon,TRUE,,15,145,166,2,,,,,,
gregtech.Bender,GregTech-Addon,gregtech_addon:machine:59,,gregtech_addon,TRUE,,15,145,166,2,,,,,,
gregtech.Blast,GregTech-Addon,gregtech_addon:machine:29,,gregtech_addon,TRUE,,15,145,166,2,,,,,,
gregtech.BronzeBlast,GregTech-Addon,gregtech_addon:machine:136,,gregtech_addon,TRUE,,15,145,166,2,,,,,,
gregtech.Canner,GregTech-Addon,gregtech_addon:machine:57,,gregtech_addon,TRUE,,15,145,166,2,,,,,,
gregtech.centrifuge,GregTech-Addon,gregtech_addon:machine:62,,gregtech_addon,TRUE,,15,145,166,2,,,,,,
gregtech.chemicalreactor,GregTech-Addon,gregtech_addon:machine:41,,gregtech_addon,TRUE,,15,145,166,2,,,,,,
gregtech.Cutter,GregTech-Addon,gregtech_addon:machine:113,,gregtech_addon,TRUE,,15,145,166,2,,,,,,
gregtech.Distillation,GregTech-Addon,gregtech_addon:machine:44,,gregtech_addon,TRUE,,15,145,166,2,,,,,,
gregtech.electrolyzer,GregTech-Addon,gregtech_addon:machine:25,,gregtech_addon,TRUE,,15,145,166,2,,,,,,
gregtech.extruder,GregTech-Addon,gregtech_addon:machine:115,,gregtech_addon,TRUE,,15,145,166,2,,,,,,
gregtech.fusion,GregTech-Addon,gregtech_addon:machine:80,,gregtech_addon,TRUE,,15,145,166,2,,,,,,
gregtech.thermal_generator,GregTech-Addon,gregtech_addon:machine:35,,gregtech_addon,TRUE,,15,145,166,2,,80,0,14,14,
gregtech.diesel_generator,GregTech-Addon,gregtech_addon:machine:33,,gregtech_addon,TRUE,,15,145,166,2,,80,0,14,14,
gregtech.gas_turbine,GregTech-Addon,gregtech_addon:machine:108,,gregtech_addon,TRUE,,15,145,166,2,,80,0,14,14,
gregtech.semifluid_generator,GregTech-Addon,gregtech_addon:machine:36,,gregtech_addon,TRUE,,15,145,166,2,,80,0,14,14,
gregtech.plasma_generator,GregTech-Addon,gregtech_addon:machine:37,,gregtech_addon,TRUE,,15,145,166,2,,80,0,14,14,
gregtech.magic_generator,GregTech-Addon,gregtech_addon:machine:42,,gregtech_addon,TRUE,,15,145,166,2,,80,0,14,14,
gregtech.Grinder,GregTech-Addon,gregtech_addon:machine:28,,gregtech_addon,TRUE,,15,145,166,2,,,,,,
gregtech.Implosion,GregTech-Addon,gregtech_addon:machine:31,,gregtech_addon,TRUE,,15,145,166,2,,,,,,
gregtech.Lathe,GregTech-Addon,gregtech_addon:machine:111,,gregtech_addon,TRUE,,15,145,166,2,,,,,,
gregtech.Sawmill,GregTech-Addon,gregtech_addon:machine:32,,gregtech_addon,TRUE,,15,145,166,2,,,,,,
gregtech.VacuumFreezer,GregTech-Addon,gregtech_addon:machine:38,,gregtech_addon,TRUE,,15,145,166,2,,,,,,
gregtech.Wiremill,GregTech-Addon,gregtech_addon:machine:55,,gregtech_addon,TRUE,,15,145,166,2,,,,,,
cofh.thermaldynamics.plugins.nei.RecipeHandlerCover,Thermal Dynamics,ThermalDynamics:cover,"{Block:""minecraft:glass"",Meta:0b}",ThermalDynamics,TRUE,,,65,166,5,,,,,,
neresources.nei.NEIAdvSeedHandler,Not Enough Resources,minecraft:wheat,,neresources,TRUE,,,65,166,5,,,,,,
neresources.nei.NEIDungeonHandler,Not Enough Resources,minecraft:chest,,neresources,TRUE,,,130,166,2,,,,,,
neresources.nei.NEIEnchantmentHandler,Not Enough Resources,minecraft:anvil,,neresources,TRUE,,,130,166,2,,,,,,
neresources.nei.NEIMobHandler,Not Enough Resources,minecraft:skull:4,,neresources,TRUE,,,130,166,2,,,,,,
neresources.nei.NEIOreHandler,Not Enough Resources,minecraft:diamond_ore,,neresources,TRUE,,,65,166,5,,,,,,
neresources.nei.NEIPlantHandler,Not Enough Resources,minecraft:wheat,,neresources,TRUE,,,130,166,2,,,,,,
wanion.biggercraftingtables.nei.BigShapedRecipeHandler,Bigger Crafting Tables,biggercraftingtables:BiggerCraftingTables,,biggercraftingtables,TRUE,,,130,,2,,,,,,
wanion.biggercraftingtables.nei.BigShapelessRecipeHandler,Bigger Crafting Tables,biggercraftingtables:BiggerCraftingTables,,biggercraftingtables,TRUE,,,130,,2,,,,,,
wanion.biggercraftingtables.nei.HugeShapedRecipeHandler,Bigger Crafting Tables,biggercraftingtables:BiggerCraftingTables:1,,biggercraftingtables,TRUE,,,130,,2,,,,,,
wanion.biggercraftingtables.nei.HugeShapelessRecipeHandler,Bigger Crafting Tables,biggercraftingtables:BiggerCraftingTables:1,,biggercraftingtables,TRUE,,,130,,2,,,,,,
net.machinemuse.numina.nei.JSONRecipeHandler,Modular Powersuits,powersuits:tile.tinkerTable,,powersuits,TRUE,,,65,166,5,,,,,,
com.teammetallurgy.metallurgy.nei.CrusherHandler,Metallurgy 4,Metallurgy:crusher,,Metallurgy,TRUE,,,65,166,5,,,,,,
nc.crafting.nei.MetalFurnaceRecipeHandler,NuclearCraft,NuclearCraft:furnaceIdle,,NuclearCraft,TRUE,,,65,166,5,,,,,,
nc.crafting.nei.ElectricFurnaceRecipeHandler,NuclearCraft,NuclearCraft:electricFurnaceIdle,,NuclearCraft,TRUE,,,65,166,5,,,,,,
nc.crafting.nei.NuclearFurnaceRecipeHandler,NuclearCraft,NuclearCraft:nuclearFurnaceIdle,,NuclearCraft,TRUE,,,65,166,5,,,,,,
nc.crafting.nei.FactoryRecipeHandler,NuclearCraft,NuclearCraft:factoryIdle,,NuclearCraft,TRUE,,,65,166,5,,,,,,
nc.crafting.nei.AssemblerRecipeHandler,NuclearCraft,NuclearCraft:assemblerIdle,,NuclearCraft,TRUE,,,65,166,5,,,,,,
nc.crafting.nei.SeparatorRecipeHandler,NuclearCraft,NuclearCraft:separatorIdle,,NuclearCraft,TRUE,,,65,166,5,,,,,,
nc.crafting.nei.HastenerRecipeHandler,NuclearCraft,NuclearCraft:hastenerIdle,,NuclearCraft,TRUE,,,65,166,5,,,,,,
nc.crafting.nei.CollectorRecipeHandler,NuclearCraft,NuclearCraft:collectorIdle,,NuclearCraft,TRUE,,,65,166,5,,,,,,
nc.crafting.nei.OxidiserRecipeHandler,NuclearCraft,NuclearCraft:oxidiserIdle,,NuclearCraft,TRUE,,,65,166,5,,,,,,
nc.crafting.nei.IoniserRecipeHandler,NuclearCraft,NuclearCraft:ioniserIdle,,NuclearCraft,TRUE,,,65,166,5,,,,,,
nc.crafting.nei.IrradiatorRecipeHandler,NuclearCraft,NuclearCraft:irradiatorIdle,,NuclearCraft,TRUE,,,65,166,5,,,,,,
nc.crafting.nei.CoolerRecipeHandler,NuclearCraft,NuclearCraft:coolerIdle,,NuclearCraft,TRUE,,,65,166,5,,,,,,
nc.crafting.nei.HeliumExtractorRecipeHandler,NuclearCraft,NuclearCraft:heliumExtractorIdle,,NuclearCraft,TRUE,,,65,166,5,,,,,,
nc.crafting.nei.RecyclerRecipeHandler,NuclearCraft,NuclearCraft:recyclerIdle,,NuclearCraft,TRUE,,,65,166,5,,,,,,
nc.crafting.nei.NuclearWorkspaceRecipeHandler,NuclearCraft,NuclearCraft:nuclearWorkspace,,NuclearCraft,TRUE,,,130,,2,,,,,,
nc.crafting.nei.InfoUsageHandler,NuclearCraft,NuclearCraft:fuel,,NuclearCraft,TRUE,,,,,,,,,,,
nc.crafting.nei.FissionRecipeHandler,NuclearCraft,NuclearCraft:fissionReactorGraphiteIdle,,NuclearCraft,TRUE,,,,,,,,,,,
nc.crafting.nei.FissionSteamRecipeHandler,NuclearCraft,NuclearCraft:fissionReactorSteamIdle,,NuclearCraft,TRUE,,,,,,,,,,,
nc.crafting.nei.FusionRecipeHandler,NuclearCraft,NuclearCraft:fusionReactor,,NuclearCraft,TRUE,,,,,,,,,,,
nc.crafting.nei.FusionSteamRecipeHandler,NuclearCraft,NuclearCraft:fusionReactorSteam,,NuclearCraft,TRUE,,,,,,,,,,,
ganymedes01.etfuturum.NEI_EtFuturum_Config$NEI_Recipes_Smoker,EtFuturum Requiem,etfuturum:lit_smoker,,etfuturum,TRUE,,,65,166,5,,,,,,
ganymedes01.etfuturum.NEI_EtFuturum_Config$NEI_Recipes_BlastFurnace,EtFuturum Requiem,etfuturum:lit_blast_furnace,,etfuturum,TRUE,,,65,166,5,,,,,,
connor135246.campfirebackport.client.compat.nei.NEICampfireRecipeHandler,Campfire Backport,campfirebackport:campfire,,campfirebackport,TRUE,,,65,166,5,,,,,,
connor135246.campfirebackport.client.compat.nei.NEICampfireStateChangerHandler,Campfire Backport,campfirebackport:campfire_base,,campfirebackport,TRUE,,,65,166,5,,,,,,
net.blay09.mods.excompressum.compat.nei.RecipeHandlerHeavySieve,Ex Compressum,excompressum:heavySieve,,excompressum,TRUE,,,130,166,5,,,,,,
net.blay09.mods.excompressum.compat.nei.RecipeHandlerBarrelProcess,Ex Compressum,exnihilo:barrel,,excompressum,TRUE,,,58,166,10,,,,,,
net.blay09.mods.excompressum.compat.nei.RecipeHandlerComposting,Ex Compressum,exnihilo:barrel,,excompressum,TRUE,,,130,166,5,,,,,,
net.blay09.mods.excompressum.compat.nei.RecipeHandlerCompressedHammer,Ex Compressum,excompressum:compressedHammerIron,,excompressum,TRUE,,,58,166,10,,,,,,
com.InfinityRaider.AgriCraft.compatibility.NEI.NEICropMutationHandler,AgriCraft,AgriCraft:cropsItem,,AgriCraft,TRUE,,,85,166,5,,,,,,
com.InfinityRaider.AgriCraft.compatibility.NEI.NEICropProductHandler,AgriCraft,minecraft:farmland,,AgriCraft,TRUE,,,85,166,5,,,,,,
tonius.neiintegration.mods.minefactoryreloaded.RecipeHandlerHarvester,MineFactory Reloaded,MineFactoryReloaded:machine.0:2,,MineFactoryReloaded,TRUE,,,,,,,,,,,
tonius.neiintegration.mods.minefactoryreloaded.RecipeHandlerSewer,MineFactory Reloaded,MineFactoryReloaded:machine.0:10,,MineFactoryReloaded,TRUE,,,,,,,,,,,
tonius.neiintegration.mods.minefactoryreloaded.RecipeHandlerGrinder,MineFactory Reloaded,MineFactoryReloaded:machine.0:13,,MineFactoryReloaded,TRUE,,,,,,,,,,,
tonius.neiintegration.mods.minefactoryreloaded.RecipeHandlerBioReactor,MineFactory Reloaded,MineFactoryReloaded:machine.1:10,,MineFactoryReloaded,TRUE,,,,,,,,,,,
tonius.neiintegration.mods.minefactoryreloaded.RecipeHandlerSlaughterhouse,MineFactory Reloaded,MineFactoryReloaded:machine.1:13,,MineFactoryReloaded,TRUE,,,,,,,,,,,
de.ellpeck.actuallyadditions.mod.nei.NEIBookletRecipe,Actually Additions,ActuallyAdditions:itemBooklet,,ActuallyAdditions,TRUE,,,,,,,,,,,
de.ellpeck.actuallyadditions.mod.nei.NEIHairyBallRecipe,Actually Additions,ActuallyAdditions:itemHairyBall,,ActuallyAdditions,TRUE,,,,,,,,,,,
de.ellpeck.actuallyadditions.mod.nei.NEICrusherRecipe$Double,Actually Additions,ActuallyAdditions:blockGrinderDouble,,ActuallyAdditions,TRUE,,,,,,,,,,,
de.ellpeck.actuallyadditions.mod.nei.NEICrusherRecipe,Actually Additions,ActuallyAdditions:blockGrinder,,ActuallyAdditions,TRUE,,,,,,,,,,,
de.ellpeck.actuallyadditions.mod.nei.NEIFurnaceDoubleRecipe,Actually Additions,ActuallyAdditions:blockFurnaceDouble,,ActuallyAdditions,TRUE,,,,,,,,,,,
de.ellpeck.actuallyadditions.mod.nei.NEICoffeeMachineRecipe,Actually Additions,ActuallyAdditions:blockCoffeeMachine,,ActuallyAdditions,TRUE,,,,,,,,,,,
de.ellpeck.actuallyadditions.mod.nei.NEICompostRecipe,Actually Additions,ActuallyAdditions:blockCompost,,ActuallyAdditions,TRUE,,,,,,,,,,,
de.ellpeck.actuallyadditions.mod.nei.NEIReconstructorRecipe,Actually Additions,ActuallyAdditions:blockAtomicReconstructor,,ActuallyAdditions,TRUE,,,,,,,,,,,
de.ellpeck.actuallyadditions.mod.nei.NEITreasureChestRecipe,Actually Additions,ActuallyAdditions:blockTreasureChest,,ActuallyAdditions,TRUE,,,,,,,,,,,

